Priority_Rank,Project_ID,Project_Name,Project_Type,City,State,Client_Type,Contract_Type,Delivery_Method,Project_Manager_ID,Project_Status,Current_Phase,Latest_Reporting_Date,Original_Budget,Current_Budget,Original_Contingency,Planned_Value,Earned_Value,Actual_Cost,Committed_Cost,Percent_Complete,Planned_End_Date,Forecast_End_Date,Contingency_Used,Latest_Open_RFI_Count,CO_Count,Approved_CO_Count,Total_Approved_CO_Value,Total_Pending_CO_Value,Approved_CO_Schedule_Days,Avg_CO_Approval_Days,RFI_Count,Open_RFI_Total,Avg_RFI_Response_Days,Late_RFI_Count,Impacted_RFI_Count,Total_RFI_Cost_Impact,Total_RFI_Schedule_Days,CPI,SPI,Cost_Variance,Schedule_Variance,EAC,ETC,VAC,Forecast_Overrun_Pct,Cost_Growth_Pct,Schedule_Delay_Days,Approved_CO_Pct,Pending_CO_Pct,Contingency_Utilization_Pct,Contingency_Burn_Ratio,Late_RFI_Rate,Impacted_RFI_Rate,RFI_per_10M,CO_per_10M,Health_Status,Critical_Trigger_Count,Watch_Trigger_Count,Primary_Risk_Driver,All_Risk_Triggers
1,PRJ-075,Canyon Ridge Transit-Oriented Development,Mixed-Use,Phoenix,AZ,Private,Unknown,Design-Bid-Build,PM-009,Active,Closeout,2025-12-31,104919600,108457000,6894200,104919600,104623200,139014400,145727700,99.7,2025-11-12,2026-01-24,7382000,8,9,6,3537400,856600,68,57.66666667,29,8,15.5862069,20,8,157000,52,0.75260692,0.99717498,-34391200,-296400,139408231.08297205,393831.08297205,-34488631.08297205,0.32871485,0.03371534,73,0.03371534,0.00816435,1.07075513,1.07397706,0.68965517,0.27586207,2.76402121,0.85779969,Red,4,0,CPI < 0.90,CPI < 0.90; Forecast overrun > 10%; Delay > 30 days; Contingency used > 90%
2,PRJ-009,Northstar Housing,Residential,Salt Lake City,UT,Private,Guaranteed Maximum Price,Design-Build,PM-002,Complete,Closeout,2023-06-30,34594800,35471700,2739400,34594800,34594800,45833700,47654700,100.0,2023-04-12,2023-06-14,2892700,5,9,5,876900,363700,50,60.2,28,4,18.75,23,11,368600,59,0.7547896,1.0,-11238900,0,45833700.0,0.0,-11238900.0,0.32487252,0.02534774,63,0.02534774,0.01051314,1.05596116,1.05596116,0.82142857,0.39285714,8.09370194,2.60154705,Red,4,0,CPI < 0.90,CPI < 0.90; Forecast overrun > 10%; Delay > 30 days; Contingency used > 90%
3,PRJ-046,Red Rock Residences,Residential,Boise,ID,Private,Lump Sum,Design-Build,PM-002,Complete,Closeout,2023-08-31,64273500,66560500,5073200,64273500,64273500,82506800,85789200,100.0,2023-05-20,2023-08-12,5433100,4,9,8,2287000,48500,104,61.625,20,4,15.95,16,7,149100,40,0.77900852,1.0,-18233300,0,82506800.0,0.0,-18233300.0,0.28368301,0.03558232,84,0.03558232,0.00075459,1.07094142,1.07094142,0.8,0.35,3.11170233,1.40026605,Red,4,0,CPI < 0.90,CPI < 0.90; Forecast overrun > 10%; Delay > 30 days; Contingency used > 90%
4,PRJ-068,Canyon Ridge Bridge Rehabilitation,Heavy Civil & Infrastructure,Aurora,CO,Public,Unit Price,Design-Bid-Build,PM-012,Complete,Closeout,2024-09-30,54366700,56660800,2718500,54366700,54366700,68449800,70503300,100.0,2024-08-04,2024-09-28,2594800,5,9,7,2164000,478500,49,42.85714286,31,4,17.09677419,26,14,450400,68,0.79425652,1.0,-14083100,0,68449800.0,0.0,-14083100.0,0.25903908,0.04219679,55,0.03980378,0.00880134,0.95449697,0.95449697,0.83870968,0.4516129,5.7020198,1.6554251,Red,4,0,CPI < 0.90,CPI < 0.90; Forecast overrun > 10%; Delay > 30 days; Contingency used > 90%
5,PRJ-034,Mountain Gate Community College,Institutional,Fresno,CA,Public,Unit Price,CMAR,PM-012,Complete,Closeout,2024-07-31,59981900,62406100,4517500,59981900,59981900,74482300,76890300,100.0,2024-06-09,2024-07-17,4126800,5,9,6,2424200,388000,62,51.5,25,2,15.44,21,10,284700,44,0.8053175,1.0,-14500400,0,74482300.0,0.0,-14500400.0,0.24174626,0.04041553,38,0.04041553,0.00646862,0.91351411,0.91351411,0.84,0.4,4.16792399,1.50045264,Red,4,0,CPI < 0.90,CPI < 0.90; Forecast overrun > 10%; Delay > 30 days; Contingency used > 90%
6,PRJ-017,Westfield Retail Center,Commercial,Fresno,CA,Private,Unknown,CMAR,PM-003,Active,Closeout,2025-12-31,36594000,37286000,1781600,36585500,36143900,44424800,46337200,98.8,2026-01-07,2026-02-24,1631500,7,10,4,692000,261800,41,42.0,21,6,13.80952381,15,7,504100,37,0.81359736,0.98792964,-8280900,-441600,44978022.05074715,553222.05074715,-8384022.05074715,0.2291092,0.0189102,48,0.0189102,0.00715418,0.91574989,0.92687236,0.71428571,0.33333333,5.73864568,2.73268842,Red,4,0,CPI < 0.90,CPI < 0.90; Forecast overrun > 10%; Delay > 30 days; Contingency used > 90%
7,PRJ-064,Evergreen Townhomes,Residential,Riverside,CA,Private,Unit Price,Design-Build,PM-009,Complete,Closeout,2024-05-31,9022900,9260200,537500,9022900,9022900,11060300,11724100,100.0,2024-04-15,2024-05-19,496900,4,10,5,237300,74300,71,57.6,16,4,13.125,11,7,128500,36,0.81579162,1.0,-2037400,0,11060300.0,0.0,-2037400.0,0.22580323,0.02629975,34,0.02629975,0.0082346,0.92446512,0.92446512,0.6875,0.4375,17.73265801,11.08291126,Red,4,0,CPI < 0.90,CPI < 0.90; Forecast overrun > 10%; Delay > 30 days; Contingency used > 90%
8,PRJ-013,Sunrise Housing,Residential,Meridian,ID,Private,Cost Plus,Design-Bid-Build,PM-005,Complete,Closeout,2024-07-31,9869600,10215500,609900,9869600,9869600,12046900,12408300,100.0,2024-05-11,2024-07-11,559400,0,9,7,345900,37400,59,42.42857143,20,0,18.5,19,6,331000,47,0.81926471,1.0,-2177300,0,12046900.0,0.0,-2177300.0,0.22060671,0.03504701,61,0.03504701,0.00378941,0.91719954,0.91719954,0.95,0.3,20.26424576,9.11891059,Red,4,0,CPI < 0.90,CPI < 0.90; Forecast overrun > 10%; Delay > 30 days; Contingency used > 90%
9,PRJ-069,Cedar Valley Town Center,Mixed-Use,Phoenix,AZ,Private,Unit Price,Design-Bid-Build,PM-007,Active,Construction,2025-12-31,161964100,168322000,13234300,125005400,105957600,124778800,166916000,65.4,2026-08-14,2026-11-26,8089000,5,12,10,6357900,0,70,55.6,27,4,18.22222222,22,9,470800,31,0.84916348,0.84762418,-18821200,-19047800,190733708.965473,65954908.965473,-28769608.965473,0.17762954,0.039255,104,0.039255,0.0,0.6112148,0.9345792,0.81481481,0.33333333,1.66703609,0.74090493,Red,4,0,CPI < 0.90,CPI < 0.90; SPI < 0.90; Forecast overrun > 10%; Delay > 30 days
10,PRJ-025,Blue Mesa Public Safety Center,Institutional,Tacoma,WA,Public,Cost Plus,CMAR,PM-008,Active,Procurement,2025-12-31,21839800,22229200,1701300,10668500,9269500,10383500,16158300,42.4,2027-04-08,2027-07-04,562200,5,7,4,389400,382800,10,30.25,23,4,17.0,18,5,141800,19,0.8927144,0.86886629,-1114000,-1399000,24464487.1136523,14080987.1136523,-2624687.1136523,0.12017908,0.01782983,87,0.01782983,0.01752763,0.33045318,0.77937071,0.7826087,0.2173913,10.53123197,3.20515756,Red,4,0,CPI < 0.90,CPI < 0.90; SPI < 0.90; Forecast overrun > 10%; Delay > 30 days
11,PRJ-014,Mountain Gate Bridge Rehabilitation,Heavy Civil & Infrastructure,Las Vegas,NV,Public,Unit Price,Design-Build,PM-008,Active,Construction,2025-12-31,102493600,105736500,7725500,96470100,90484300,112385400,131120500,88.3,2026-05-10,2026-07-23,5901700,3,8,8,3242900,0,68,43.75,22,2,18.54545455,19,4,168200,31,0.80512504,0.93795176,-21901100,-5985800,127301468.13800848,14916068.13800848,-24807868.13800848,0.24204309,0.03164002,74,0.03164002,0.0,0.76392467,0.86514685,0.86363636,0.18181818,2.14647549,0.78053654,Red,3,2,CPI < 0.90,CPI < 0.90; Forecast overrun > 10%; Delay > 30 days; SPI < 0.95; Contingency used > 75%
12,PRJ-024,Northstar Technology Facility,Industrial,Albuquerque,NM,Private,Unit Price,Design-Bid-Build,PM-006,Active,Construction,2025-12-31,172542200,179412400,8046600,164114100,155101100,191733000,219692100,89.9,2026-03-14,2026-04-26,7022000,3,9,7,6870200,478700,76,52.57142857,25,2,18.6,23,5,188300,25,0.80894317,0.94508089,-36631900,-9013000,213293352.73960015,21560352.73960015,-40751152.73960015,0.23618079,0.03981751,43,0.03981751,0.00277439,0.87266672,0.97070825,0.92,0.2,1.4489209,0.52161152,Red,3,2,CPI < 0.90,CPI < 0.90; Forecast overrun > 10%; Delay > 30 days; SPI < 0.95; Contingency used > 75%
13,PRJ-030,Wasatch View Town Center,Mixed-Use,Meridian,ID,Public,Unit Price,Design-Bid-Build,PM-011,Complete,Closeout,2025-12-31,253200300,259343000,12089600,253200300,253200300,306003100,316277500,100.0,2025-09-19,2025-12-22,9983000,3,11,7,6142700,4495600,89,42.71428571,24,3,15.625,20,7,221300,23,0.82744358,1.0,-52802800,0,306003100.0,0.0,-52802800.0,0.20854162,0.02426024,94,0.02426024,0.01775511,0.82575106,0.82575106,0.83333333,0.29166667,0.94786618,0.43443866,Red,3,1,CPI < 0.90,CPI < 0.90; Forecast overrun > 10%; Delay > 30 days; Contingency used > 75%
14,PRJ-038,Mountain Gate Business Park,Commercial,Idaho Falls,ID,Private,Unit Price,Integrated Project Delivery,PM-008,Complete,Closeout,2024-05-31,22273300,22592200,1367500,22273300,22273300,26865200,27671200,100.0,2024-02-15,2024-05-26,1045900,3,9,4,318900,155600,21,36.0,20,4,15.0,16,4,165000,17,0.82907628,1.0,-4591900,0,26865200.0,0.0,-4591900.0,0.20616164,0.01431759,101,0.01431759,0.00698594,0.76482633,0.76482633,0.8,0.2,8.97936094,4.04071242,Red,3,1,CPI < 0.90,CPI < 0.90; Forecast overrun > 10%; Delay > 30 days; Contingency used > 75%
15,PRJ-056,Evergreen Medical Center,Institutional,Fort Worth,TX,Public,Lump Sum,Design-Bid-Build,PM-004,Complete,Closeout,2024-04-30,32329300,33008800,2313900,32329300,32329300,38880700,40047200,100.0,2024-02-18,2024-04-03,1903000,4,8,6,681400,275300,55,49.33333333,19,4,14.78947368,15,5,63000,26,0.83149995,1.0,-6551400,0,38880700.0,0.0,-6551400.0,0.2026459,0.02101809,45,0.02107686,0.0085155,0.82242102,0.82242102,0.78947368,0.26315789,5.87702177,2.47453548,Red,3,1,CPI < 0.90,CPI < 0.90; Forecast overrun > 10%; Delay > 30 days; Contingency used > 75%
16,PRJ-067,Wasatch View Retail Center,Commercial,Austin,TX,Private,Cost Plus,Integrated Project Delivery,PM-003,Complete,Closeout,2025-10-31,43895700,44964800,3817000,43895700,43895700,52640800,54220100,100.0,2025-09-20,2025-10-30,3325900,5,7,4,1069100,477300,52,65.75,20,3,13.85,14,9,158400,41,0.83387221,1.0,-8745100,0,52640800.0,0.0,-8745100.0,0.19922453,0.02435546,40,0.02435546,0.0108735,0.87133875,0.87133875,0.7,0.45,4.55625494,1.59468923,Red,3,1,CPI < 0.90,CPI < 0.90; Forecast overrun > 10%; Delay > 30 days; Contingency used > 75%
17,PRJ-074,Evergreen Civic Center,Institutional,Fresno,CA,Public,Cost Plus,Design-Bid-Build,PM-003,Complete,Closeout,2024-11-30,65376400,67923400,4502800,65376400,65376400,77449800,79773300,100.0,2024-09-05,2024-11-22,3787500,4,7,5,2547000,88000,34,29.2,21,4,15.76190476,17,7,170700,37,0.84411322,1.0,-12073400,0,77449800.0,0.0,-12073400.0,0.1846752,0.03895901,78,0.03895901,0.00134605,0.84114329,0.84114329,0.80952381,0.33333333,3.21216831,1.07072277,Red,3,1,CPI < 0.90,CPI < 0.90; Forecast overrun > 10%; Delay > 30 days; Contingency used > 75%
18,PRJ-060,Mesa Vista Office Center,Commercial,Dallas,TX,Public,Lump Sum,Design-Build,PM-011,Complete,Closeout,2024-04-30,20440400,20956500,1974100,20440400,20440400,24131000,24854900,100.0,2024-02-07,2024-04-13,1469000,3,9,5,519800,15500,48,47.2,15,4,14.53333333,10,3,66000,10,0.8470598,1.0,-3690600,0,24131000.0,0.0,-3690600.0,0.1805542,0.02524902,66,0.02543003,0.0007583,0.74413657,0.74413657,0.66666667,0.2,7.33840825,4.40304495,Red,3,0,CPI < 0.90,CPI < 0.90; Forecast overrun > 10%; Delay > 30 days
19,PRJ-062,Riverbend Distribution Center,Industrial,Henderson,NV,Private,Lump Sum,Design-Bid-Build,PM-006,Active,Procurement,2025-12-31,56681500,57822100,3485200,27142400,25082900,29579800,39035400,44.3,2027-07-01,2027-08-26,1581700,5,11,5,1140600,1602500,34,61.0,24,5,17.5,19,8,178000,26,0.84797396,0.92412241,-4496900,-2059500,66843444.48608414,37263644.48608414,-10161944.48608414,0.1792815,0.02012297,56,0.02012297,0.02827201,0.45383335,1.02445452,0.79166667,0.33333333,4.23418576,1.94066847,Red,3,1,CPI < 0.90,CPI < 0.90; Forecast overrun > 10%; Delay > 30 days; SPI < 0.95
20,PRJ-032,Silver Lake Distribution Center,Industrial,Las Cruces,NM,Private,Guaranteed Maximum Price,Design-Build,PM-012,Complete,Closeout,2025-06-30,166470500,176506400,10548900,166470500,166470500,195288100,202841800,100.0,2025-04-16,2025-06-13,8023600,4,10,8,10035900,248300,51,43.5,17,3,13.47058824,13,3,74700,20,0.85243545,1.0,-28817600,0,195288100.0,0.0,-28817600.0,0.17310935,0.06028636,58,0.06028636,0.00149156,0.76061011,0.76061011,0.76470588,0.17647059,1.02120195,0.60070703,Red,3,1,CPI < 0.90,CPI < 0.90; Forecast overrun > 10%; Delay > 30 days; Contingency used > 75%
21,PRJ-020,Granite Peak Housing,Residential,Mesa,AZ,Public,Unknown,Design-Build,PM-001,Complete,Closeout,2025-09-30,35061100,35288000,3074600,35061100,35061100,40963700,43434400,100.0,2025-08-16,2025-09-26,2444400,6,9,2,226900,534300,21,74.5,24,5,13.75,17,6,345600,15,0.85590657,1.0,-5902600,0,40963700.0,0.0,-5902600.0,0.16835182,0.00647156,41,0.00647156,0.01523911,0.79503025,0.79503025,0.70833333,0.25,6.84519311,2.56694741,Red,3,1,CPI < 0.90,CPI < 0.90; Forecast overrun > 10%; Delay > 30 days; Contingency used > 75%
22,PRJ-004,Red Rock Urban Village,Mixed-Use,Albuquerque,NM,Private,Lump Sum,Design-Bid-Build,PM-007,Complete,Closeout,2025-03-31,118914500,122268000,6654300,118914500,118914500,138905600,144409700,100.0,2025-01-19,2025-03-08,5132500,4,7,5,3353500,0,44,55.2,22,6,13.77272727,16,4,103000,12,0.8560814,1.0,-19991100,0,138905600.0,0.0,-19991100.0,0.16811322,0.02820093,48,0.02820093,0.0,0.77130577,0.77130577,0.72727273,0.18181818,1.85006875,0.58865824,Red,3,1,CPI < 0.90,CPI < 0.90; Forecast overrun > 10%; Delay > 30 days; Contingency used > 75%
23,PRJ-002,Westfield Town Center,Mixed-Use,Salem,OR,Public,Guaranteed Maximum Price,CMAR,PM-005,Complete,Closeout,2024-07-31,212894800,221375700,11291700,212894800,212894800,248382500,259096400,100.0,2024-05-17,2024-07-25,8462500,2,9,5,8480900,1563700,23,45.8,18,2,15.16666667,16,4,81400,16,0.8571248,1.0,-35487700,0,248382500.0,0.0,-35487700.0,0.16669125,0.03983611,69,0.03983611,0.00734494,0.74944428,0.74944428,0.88888889,0.22222222,0.84548801,0.422744,Red,3,0,CPI < 0.90,CPI < 0.90; Forecast overrun > 10%; Delay > 30 days
24,PRJ-040,Silver Lake Learning Center,Institutional,Riverside,CA,Public,Unit Price,Design-Build,PM-003,Complete,Closeout,2025-08-31,92261500,93973600,5190200,92261500,92261500,107627000,111449600,100.0,2025-06-17,2025-08-23,3965200,6,6,4,1712100,0,54,37.0,22,8,13.27272727,13,7,122200,17,0.85723378,1.0,-15365500,0,107627000.0,0.0,-15365500.0,0.16654292,0.01855704,67,0.01855704,0.0,0.76397827,0.76397827,0.59090909,0.31818182,2.38452659,0.65032543,Red,3,1,CPI < 0.90,CPI < 0.90; Forecast overrun > 10%; Delay > 30 days; Contingency used > 75%
25,PRJ-070,Wasatch View Main Street Development,Mixed-Use,Scottsdale,AZ,Public,Guaranteed Maximum Price,Design-Build,PM-006,Active,Construction,2025-12-31,245591800,247663800,20109300,230300000,220550300,256495600,299404900,89.8,2026-06-11,2026-08-11,14832300,6,7,3,2072000,1629300,13,50.33333333,22,5,15.68181818,16,6,185900,25,0.85985997,0.95766522,-35945300,-9749700,285618365.04452723,29122765.04452723,-40026565.04452723,0.16298005,0.00843676,61,0.00843676,0.00663418,0.7375841,0.82136314,0.72727273,0.27272727,0.89579538,0.2850258,Red,3,0,CPI < 0.90,CPI < 0.90; Forecast overrun > 10%; Delay > 30 days
26,PRJ-053,Summit Point Bridge Rehabilitation,Heavy Civil & Infrastructure,Scottsdale,AZ,Public,Lump Sum,Design-Build,PM-006,Active,Closeout,2025-12-31,125893400,130412400,10257700,125892600,124993400,145003800,153126200,99.3,2026-01-01,2026-02-04,8276000,5,9,8,4519000,555200,58,46.25,20,4,15.05,14,7,75900,33,0.86200086,0.9928574,-20010400,-899200,146047882.48755533,1044082.48755533,-20154482.48755533,0.16009165,0.03589545,34,0.03589545,0.00441008,0.80680854,0.81249602,0.7,0.35,1.58864563,0.71489053,Red,3,1,CPI < 0.90,CPI < 0.90; Forecast overrun > 10%; Delay > 30 days; Contingency used > 75%
27,PRJ-018,Summit Point Retail Center,Commercial,Tempe,AZ,Private,Lump Sum,Design-Build,PM-012,Complete,Closeout,2025-04-30,86603400,89995700,5291900,86603400,86603400,99602900,104032500,100.0,2025-02-18,2025-04-24,3646200,3,6,6,3392300,0,36,45.0,26,4,16.88461538,22,10,343500,38,0.86948673,1.0,-12999500,0,99602900.0,0.0,-12999500.0,0.15010381,0.03917052,65,0.03917052,0.0,0.68901529,0.68901529,0.84615385,0.38461538,3.0021916,0.69281345,Red,3,0,CPI < 0.90,CPI < 0.90; Forecast overrun > 10%; Delay > 30 days
28,PRJ-061,Riverbend Business Park,Commercial,Tempe,AZ,Private,Guaranteed Maximum Price,Design-Build,PM-007,Complete,Closeout,2024-05-31,50400400,52995000,3036000,50400400,50400400,57773800,61412100,100.0,2024-04-15,2024-05-29,2290100,2,10,8,2594600,142200,85,49.625,21,3,15.28571429,18,1,3200,6,0.87237468,1.0,-7373400,0,57773800.0,0.0,-7373400.0,0.14629646,0.05147975,44,0.05147975,0.00282141,0.75431489,0.75431489,0.85714286,0.04761905,4.1666336,1.98411124,Red,3,1,CPI < 0.90,CPI < 0.90; Forecast overrun > 10%; Delay > 30 days; Contingency used > 75%
29,PRJ-063,Copper Creek Water Program,Heavy Civil & Infrastructure,Albuquerque,NM,Public,Cost Plus,Integrated Project Delivery,PM-003,Active,Construction,2025-12-31,260432500,271624500,23076800,210698400,201803900,229839300,277668600,77.5,2026-09-04,2026-10-09,15551100,4,9,8,11192000,377800,56,54.0,24,3,15.58333333,20,8,350600,45,0.87802173,0.95778563,-28035400,-8894500,296612818.17274094,66773518.17274094,-36180318.17274094,0.13892398,0.04297467,35,0.04297467,0.00145066,0.67388459,0.86952851,0.83333333,0.33333333,0.92154397,0.34557899,Red,3,0,CPI < 0.90,CPI < 0.90; Forecast overrun > 10%; Delay > 30 days
30,PRJ-027,Pioneer Crossing Market Hall,Commercial,Santa Fe,NM,Private,Unit Price,Integrated Project Delivery,PM-009,Active,Construction,2025-12-31,17917700,18159800,846000,16350100,15610700,17742500,20975500,87.1,2026-05-13,2026-06-22,556400,1,6,4,242100,133500,45,54.0,16,1,15.875,14,4,93600,21,0.87984782,0.95477704,-2131800,-739400,20364544.33497537,2622044.33497537,-2446844.33497537,0.13656018,0.01351178,40,0.01351178,0.00745073,0.65768322,0.7550898,0.875,0.25,8.92971754,3.34864408,Red,3,0,CPI < 0.90,CPI < 0.90; Forecast overrun > 10%; Delay > 30 days
31,PRJ-035,Copper Creek Transit-Oriented Development,Mixed-Use,Aurora,CO,Private,Lump Sum,Design-Bid-Build,PM-011,Complete,Closeout,2024-11-30,159465200,161802600,7279100,159465200,159465200,180980800,186636200,100.0,2024-09-13,2024-11-02,5005700,1,4,4,2337400,0,17,38.5,25,1,16.36,21,9,400500,28,0.88111667,1.0,-21515600,0,180980800.0,0.0,-21515600.0,0.13492348,0.01465774,50,0.01465774,0.0,0.68768117,0.68768117,0.84,0.36,1.56774017,0.25083843,Red,3,0,CPI < 0.90,CPI < 0.90; Forecast overrun > 10%; Delay > 30 days
32,PRJ-065,Pioneer Crossing Logistics Hub,Industrial,Santa Fe,NM,Private,Unit Price,Design-Build,PM-011,Complete,Closeout,2024-01-31,105687000,108219700,9067800,105687000,105687000,119776500,124835300,100.0,2023-11-09,2024-01-06,5734500,1,9,7,2532700,120000,57,36.42857143,19,2,16.57894737,15,6,108100,18,0.88236841,1.0,-14089500,0,119776500.0,0.0,-14089500.0,0.13331346,0.02396416,58,0.02396416,0.00113543,0.63240257,0.63240257,0.78947368,0.31578947,1.79776131,0.85157115,Red,3,0,CPI < 0.90,CPI < 0.90; Forecast overrun > 10%; Delay > 30 days
33,PRJ-043,Copper Creek Logistics Hub,Industrial,Dallas,TX,Private,Cost Plus,CMAR,PM-007,Complete,Closeout,2025-07-31,249765500,259244400,24582100,249765500,249765500,279794600,290932300,100.0,2025-06-14,2025-07-22,18887900,2,10,9,9478900,0,43,43.44444444,21,5,14.61904762,16,6,229900,40,0.89267448,1.0,-30029100,0,279794600.0,0.0,-30029100.0,0.12022917,0.0379512,38,0.0379512,0.0,0.7683599,0.7683599,0.76190476,0.28571429,0.84078866,0.40037555,Red,3,1,CPI < 0.90,CPI < 0.90; Forecast overrun > 10%; Delay > 30 days; Contingency used > 75%
34,PRJ-039,Riverbend Civic Center,Institutional,Henderson,NV,Public,Unit Price,CMAR,PM-001,Complete,Closeout,2024-04-30,37607400,38041300,3050400,37607400,37607400,42019900,43280500,100.0,2024-02-17,2024-04-04,1597400,2,6,4,433900,233200,18,32.75,26,3,13.34615385,19,3,100300,9,0.89499023,1.0,-4412500,0,42019900.0,0.0,-4412500.0,0.11733063,0.01153762,47,0.01153762,0.00620091,0.52366903,0.52366903,0.73076923,0.11538462,6.91353297,1.59543069,Red,3,0,CPI < 0.90,CPI < 0.90; Forecast overrun > 10%; Delay > 30 days
35,PRJ-058,Silver Lake Civic Center,Institutional,Salt Lake City,UT,Public,Lump Sum,Design-Bid-Build,PM-011,Complete,Closeout,2025-09-30,44536700,45550800,4216600,44536700,44536700,49738600,51230800,100.0,2025-07-11,2025-09-04,2742700,1,7,5,1014100,605200,28,37.6,13,2,15.07692308,10,5,169500,16,0.89541523,1.0,-5201900,0,49738600.0,0.0,-5201900.0,0.1168003,0.02276999,55,0.02276999,0.01358879,0.65045297,0.65045297,0.76923077,0.38461538,2.91894101,1.57173747,Red,3,0,CPI < 0.90,CPI < 0.90; Forecast overrun > 10%; Delay > 30 days
36,PRJ-003,Mountain Gate Living Community,Residential,Santa Fe,NM,Private,Guaranteed Maximum Price,Design-Build,PM-004,Complete,Closeout,2025-04-30,55221600,56325600,3875600,55221600,55221600,61577600,63566100,100.0,2025-03-11,2025-04-22,2292100,3,7,6,1104000,0,60,34.66666667,17,2,15.47058824,14,5,223000,21,0.89678065,1.0,-6356000,0,61577600.0,0.0,-6356000.0,0.11509989,0.01999218,42,0.01999218,0.0,0.5914181,0.5914181,0.82352941,0.29411765,3.07850551,1.26761992,Red,3,0,CPI < 0.90,CPI < 0.90; Forecast overrun > 10%; Delay > 30 days
37,PRJ-072,Riverbend Residences,Residential,Lehi,UT,Public,Cost Plus,CMAR,PM-004,Complete,Closeout,2024-10-31,49424500,50333400,3642300,49424500,49424500,55077200,56730600,100.0,2024-08-13,2024-10-02,2167900,1,10,5,908900,306800,31,28.2,20,2,16.15,17,4,45300,6,0.89736769,1.0,-5652700,0,55077200.0,0.0,-5652700.0,0.1143704,0.01838967,50,0.01838967,0.00620745,0.59520083,0.59520083,0.85,0.2,4.04657609,2.02328805,Red,3,0,CPI < 0.90,CPI < 0.90; Forecast overrun > 10%; Delay > 30 days
38,PRJ-016,Canyon Ridge Processing Plant,Industrial,Salt Lake City,UT,Private,Lump Sum,Design-Build,PM-008,Complete,Closeout,2023-03-31,56509100,56919400,5602900,56509100,56509100,68477200,70999100,100.0,2023-03-17,2023-03-28,4581200,3,7,2,410300,941700,28,48.5,22,3,16.0,17,6,104600,30,0.82522504,1.0,-11968100,0,68477200.0,0.0,-11968100.0,0.21179067,0.00726078,11,0.00726078,0.01666457,0.817648,0.817648,0.77272727,0.27272727,3.89317827,1.23873854,Red,2,1,CPI < 0.90,CPI < 0.90; Forecast overrun > 10%; Contingency used > 75%
39,PRJ-031,Canyon Ridge Medical Center,Institutional,Las Cruces,NM,Public,Guaranteed Maximum Price,CMAR,PM-007,Complete,Closeout,2024-06-30,15252700,15359400,1074000,15252700,15252700,18410900,18963200,100.0,2024-05-13,2024-06-07,944100,4,5,3,106700,242300,37,58.33333333,27,6,15.37037037,21,10,752100,54,0.82846031,1.0,-3158200,0,18410900.0,0.0,-3158200.0,0.20705842,0.00699548,25,0.00699548,0.01588571,0.87905028,0.87905028,0.77777778,0.37037037,17.70178395,3.27810814,Red,2,2,CPI < 0.90,CPI < 0.90; Forecast overrun > 10%; Delay > 15 days; Contingency used > 75%
40,PRJ-008,Northstar Community College,Institutional,Las Cruces,NM,Private,Lump Sum,Design-Bid-Build,PM-012,Complete,Closeout,2025-07-31,122227200,127351100,6535400,122227200,122227200,144902900,149285000,100.0,2025-07-07,2025-07-30,5522200,5,11,8,5123900,0,66,50.375,24,6,14.0,18,11,320700,54,0.84351107,1.0,-22675700,0,144902900.0,0.0,-22675700.0,0.1855209,0.04192111,23,0.04192111,0.0,0.84496741,0.84496741,0.75,0.45833333,1.96355639,0.89996335,Red,2,2,CPI < 0.90,CPI < 0.90; Forecast overrun > 10%; Delay > 15 days; Contingency used > 75%
41,PRJ-042,Northstar Corporate Campus,Commercial,Salem,OR,Private,Cost Plus,Design-Build,PM-008,Complete,Closeout,2023-10-31,8337500,8438700,494500,8337500,8337500,9359700,9648200,100.0,2023-10-13,2023-10-13,344100,2,6,5,101200,0,57,39.8,21,2,12.23809524,14,4,81300,15,0.8907871,1.0,-1022200,0,9359700.0,0.0,-1022200.0,0.1226027,0.01213793,0,0.01213793,0.0,0.6958544,0.6958544,0.66666667,0.19047619,25.1874063,7.1964018,Red,2,0,CPI < 0.90,CPI < 0.90; Forecast overrun > 10%
42,PRJ-007,Granite Peak Apartments,Residential,Salem,OR,Public,Guaranteed Maximum Price,Design-Bid-Build,PM-007,Complete,Closeout,2025-06-30,29562600,30109700,1625900,29562600,29562600,32982900,34889900,100.0,2025-06-02,2025-06-18,1130900,1,7,6,547100,0,42,49.83333333,20,1,15.05,15,7,119200,25,0.89630081,1.0,-3420300,0,32982900.0,0.0,-3420300.0,0.11569686,0.01850649,16,0.01850649,0.0,0.69555323,0.69555323,0.75,0.35,6.76530481,2.36785668,Red,2,1,CPI < 0.90,CPI < 0.90; Forecast overrun > 10%; Delay > 15 days
43,PRJ-022,Summit Point Public Safety Center,Institutional,Spokane,WA,Public,Guaranteed Maximum Price,Design-Build,PM-001,Active,Construction,2025-12-31,64744000,65132800,3915700,46320500,42694600,47060000,61334800,65.9,2026-09-14,2026-11-01,1815600,4,9,4,388800,810700,27,42.5,21,4,15.42857143,16,7,161800,26,0.90723757,0.92172148,-4365400,-3625900,71363887.70476829,24303887.70476829,-6619887.70476829,0.10224712,0.00600519,48,0.00600519,0.01252162,0.46367188,0.70359922,0.76190476,0.33333333,3.2435438,1.3900902,Red,2,2,Forecast overrun > 10%,Forecast overrun > 10%; Delay > 30 days; CPI < 0.95; SPI < 0.95
44,PRJ-006,Red Rock Bridge Rehabilitation,Heavy Civil & Infrastructure,Idaho Falls,ID,Public,Unit Price,Design-Bid-Build,PM-002,Complete,Closeout,2024-09-30,36211800,36646600,1839800,36211800,36211800,39996600,42052100,100.0,2024-09-05,2024-09-15,1219300,0,6,4,434800,0,13,47.75,19,0,14.68421053,16,8,269800,26,0.90537196,1.0,-3784800,0,39996600.0,0.0,-3784800.0,0.10451842,0.01200714,10,0.01200714,0.0,0.66273508,0.66273508,0.84210526,0.42105263,5.24690847,1.65691846,Red,1,1,Forecast overrun > 10%,Forecast overrun > 10%; CPI < 0.95
45,PRJ-011,Westfield Housing,Residential,Mesa,AZ,Public,Guaranteed Maximum Price,Design-Bid-Build,PM-006,Complete,Closeout,2024-01-31,27228800,27507400,2455500,27228800,27228800,30047900,31007100,100.0,2023-12-14,2024-01-13,1469100,2,6,5,278600,131900,19,44.4,22,3,14.04545455,18,2,21400,4,0.9061798,1.0,-2819100,0,30047900.0,0.0,-2819100.0,0.10353376,0.01023181,30,0.01023181,0.00484414,0.59828955,0.59828955,0.81818182,0.09090909,8.07968034,2.20354918,Red,1,2,Forecast overrun > 10%,Forecast overrun > 10%; CPI < 0.95; Delay > 15 days
46,PRJ-028,Evergreen Residences,Residential,Santa Fe,NM,Private,Cost Plus,Design-Bid-Build,PM-001,Complete,Closeout,2024-01-31,9052000,9293400,604800,9052000,9052000,9795600,10089400,100.0,2023-12-01,2024-01-05,326700,3,8,6,241400,30400,40,33.0,18,2,13.5,15,4,185800,16,0.92408837,1.0,-743600,0,9795600.0,0.0,-743600.0,0.08214759,0.02666814,35,0.02666814,0.00335837,0.54017857,0.54017857,0.83333333,0.22222222,19.88510826,8.83782589,Red,1,2,Delay > 30 days,Delay > 30 days; CPI < 0.95; Forecast overrun > 5%
47,PRJ-071,Canyon Ridge Public Safety Center,Institutional,Reno,NV,Public,Guaranteed Maximum Price,Design-Bid-Build,PM-002,Active,Construction,2025-12-31,129697800,134156200,6602300,117545300,107815700,116074200,143821300,83.1,2026-05-18,2026-07-28,3453400,9,7,7,4458400,0,51,36.42857143,25,7,11.2,17,8,308100,14,0.92885154,0.91722681,-8258500,-9729600,139632431.79574034,23558231.79574034,-9934631.79574034,0.07659831,0.03437529,71,0.03437529,0.0,0.52306015,0.62943459,0.68,0.32,1.92755775,0.53971617,Red,1,3,Delay > 30 days,Delay > 30 days; CPI < 0.95; SPI < 0.95; Forecast overrun > 5%
48,PRJ-001,Desert Willow Public Safety Center,Institutional,Salt Lake City,UT,Public,Lump Sum,CMAR,PM-008,Active,Closeout,2025-12-31,47876900,48500200,2996700,47876900,47666400,51257800,53129000,99.6,2025-12-09,2026-01-23,1708600,4,6,6,623300,0,27,40.66666667,17,3,13.29411765,12,3,50700,13,0.92993457,0.99560331,-3591400,-210500,51484160.01250356,226360.01250356,-3607260.01250356,0.07534448,0.0130188,45,0.0130188,0.0,0.57016051,0.57245031,0.70588235,0.17647059,3.55077292,1.25321397,Red,1,2,Delay > 30 days,Delay > 30 days; CPI < 0.95; Forecast overrun > 5%
49,PRJ-057,Highland Park Medical Center,Institutional,Denver,CO,Public,Unit Price,Design-Bid-Build,PM-003,Active,Closeout,2025-12-31,49732600,50949700,3172800,49732600,49054700,51228200,54365800,98.6,2025-12-16,2026-02-22,1934900,4,7,5,1217100,325000,31,46.2,19,4,12.42105263,13,2,36700,11,0.9575722,0.9863691,-2173500,-677900,51936136.17696164,707936.17696164,-2203536.17696164,0.04430768,0.02447288,68,0.02447288,0.00653495,0.60983989,0.61849887,0.68421053,0.10526316,3.82043167,1.40752746,Red,1,0,Delay > 30 days,Delay > 30 days
50,PRJ-023,Blue Mesa Medical Center,Institutional,San Antonio,TX,Public,Guaranteed Maximum Price,Design-Build,PM-007,Active,Construction,2025-12-31,53214100,55945100,4374600,39708000,36619000,38106600,53228300,68.8,2026-11-17,2027-01-22,2038800,4,8,6,2731000,321200,41,32.33333333,22,4,9.81818182,9,5,90600,12,0.96096214,0.92220711,-1487600,-3089000,55375854.69455747,17269254.69455747,-2161754.69455747,0.04062372,0.05132098,66,0.05132098,0.00603599,0.46605404,0.67740413,0.40909091,0.22727273,4.13424262,1.50336095,Red,1,1,Delay > 30 days,Delay > 30 days; SPI < 0.95
51,PRJ-041,Westfield Residences,Residential,Fresno,CA,Private,Guaranteed Maximum Price,Integrated Project Delivery,PM-008,Complete,Closeout,2024-11-30,39698700,40381800,3209000,39698700,39698700,43666000,45029000,100.0,2024-11-09,2024-11-11,2108100,0,8,3,683100,523400,20,40.66666667,16,0,12.6875,9,3,97600,19,0.90914441,1.0,-3967300,0,43666000.0,0.0,-3967300.0,0.09993526,0.01720711,2,0.01720711,0.01318431,0.65693362,0.65693362,0.5625,0.1875,4.03035868,2.01517934,Yellow,0,2,CPI < 0.95,CPI < 0.95; Forecast overrun > 5%
52,PRJ-066,Aspen Grove Medical Center,Institutional,St. George,UT,Public,Lump Sum,Design-Bid-Build,PM-012,Active,Closeout,2025-12-31,34715500,35038500,2142000,33235100,32652600,35828600,39234900,94.1,2026-05-05,2026-06-02,1335700,2,6,2,323000,187300,2,41.0,13,2,13.07692308,10,5,156900,17,0.91135573,0.98247335,-3176000,-582500,38092150.80269258,2263550.80269258,-3376650.80269258,0.09726637,0.0093042,28,0.0093042,0.00539528,0.6235761,0.66267385,0.76923077,0.38461538,3.74472498,1.72833461,Yellow,0,3,CPI < 0.95,CPI < 0.95; Forecast overrun > 5%; Delay > 15 days
53,PRJ-050,Copper Creek Mixed-Use District,Mixed-Use,Fresno,CA,Private,Guaranteed Maximum Price,Design-Bid-Build,PM-001,Active,Closeout,2025-12-31,67108500,68117300,5408000,65489800,64511400,70784800,75843500,96.1,2026-03-17,2026-04-10,2833500,1,6,4,1008800,119800,40,23.5,17,0,14.47058824,11,4,246800,5,0.91137363,0.98506027,-6273400,-978400,73634454.542918,2849654.542918,-6525954.542918,0.09724483,0.01503237,24,0.01503237,0.00178517,0.52394601,0.54520916,0.64705882,0.23529412,2.53321114,0.89407452,Yellow,0,3,CPI < 0.95,CPI < 0.95; Forecast overrun > 5%; Delay > 15 days
54,PRJ-055,Sunrise Market Hall,Commercial,Spokane,WA,Private,Lump Sum,Design-Bid-Build,PM-009,Complete,Closeout,2022-11-30,30802600,31227600,2330000,30802600,30802600,33743900,35013400,100.0,2022-10-16,2022-11-06,1360300,1,4,3,425000,0,24,40.33333333,22,0,15.45454545,19,6,145300,27,0.91283462,1.0,-2941300,0,33743900.0,0.0,-2941300.0,0.09548869,0.01379754,21,0.01379754,0.0,0.58381974,0.58381974,0.86363636,0.27272727,7.14225423,1.29859168,Yellow,0,3,CPI < 0.95,CPI < 0.95; Forecast overrun > 5%; Delay > 15 days
55,PRJ-049,Red Rock Business Park,Commercial,Sacramento,CA,Private,Guaranteed Maximum Price,CMAR,PM-007,Complete,Closeout,2024-10-31,5632400,5753800,322500,5632400,5632400,6131200,6336500,100.0,2024-10-10,2024-10-20,195300,2,4,4,121400,0,36,40.0,15,2,12.0,11,3,66200,7,0.91864562,1.0,-498800,0,6131200.0,0.0,-498800.0,0.08855905,0.02155387,10,0.02155387,0.0,0.6055814,0.6055814,0.73333333,0.2,26.63163128,7.10176834,Yellow,0,2,CPI < 0.95,CPI < 0.95; Forecast overrun > 5%
56,PRJ-047,Northstar Roadway Improvements,Heavy Civil & Infrastructure,Fresno,CA,Public,Unit Price,CMAR,PM-005,Complete,Closeout,2025-04-30,65704000,65704000,4972500,65679000,65704000,71351900,75198200,100.0,2025-05-11,2025-04-27,2783800,3,6,0,0,641000,0,,17,2,14.64705882,14,5,176800,17,0.92084443,1.00038064,-5647900,25000,71351900.0,0.0,-5647900.0,0.08595976,0.0,-14,0.0,0.00975587,0.55983912,0.55983912,0.82352941,0.29411765,2.5873615,0.91318641,Yellow,0,2,CPI < 0.95,CPI < 0.95; Forecast overrun > 5%
57,PRJ-036,Canyon Ridge Residences,Residential,Meridian,ID,Private,Unit Price,Design-Build,PM-010,Active,Construction,2025-12-31,13348200,13714700,1050300,9954800,9629800,10410300,12674600,72.1,2026-09-18,2026-10-10,559200,2,6,6,366500,0,55,37.16666667,20,2,15.2,15,7,180700,31,0.92502618,0.96735243,-780500,-325000,14430078.13869447,4019778.13869447,-1081878.13869447,0.08105049,0.02745689,22,0.02745689,0.0,0.53241931,0.73844564,0.75,0.35,14.98329363,4.49498809,Yellow,0,3,CPI < 0.95,CPI < 0.95; Forecast overrun > 5%; Delay > 15 days
58,PRJ-037,Red Rock Townhomes,Residential,Portland,OR,Private,Guaranteed Maximum Price,CMAR,PM-007,Complete,Closeout,2025-01-31,81557700,82209900,8071900,81557700,81557700,87724100,91486500,100.0,2025-01-10,2025-01-23,5131900,3,6,2,652200,843200,10,24.0,16,3,13.3125,12,3,54700,14,0.92970689,1.0,-6166400,0,87724100.0,0.0,-6166400.0,0.07560782,0.00799679,13,0.00799679,0.01033869,0.63577349,0.63577349,0.75,0.1875,1.96180128,0.73567548,Yellow,0,2,CPI < 0.95,CPI < 0.95; Forecast overrun > 5%
59,PRJ-044,Canyon Ridge Urban Village,Mixed-Use,Portland,OR,Private,Lump Sum,Design-Build,PM-006,Active,Procurement,2025-12-31,79900800,81018700,6493900,31886300,30642500,32731600,43989000,38.4,2027-08-10,2027-09-05,1619000,2,5,3,1117900,857100,33,42.33333333,15,2,13.26666667,11,6,50700,13,0.93617483,0.96099265,-2089100,-1243800,85348161.05996573,52616561.05996573,-5447361.05996573,0.06817655,0.0139911,26,0.0139911,0.01072705,0.24931089,0.64924711,0.73333333,0.4,1.87732789,0.62577596,Yellow,0,3,CPI < 0.95,CPI < 0.95; Forecast overrun > 5%; Delay > 15 days
60,PRJ-005,Pioneer Crossing Living Community,Residential,Mesa,AZ,Private,Lump Sum,Design-Bid-Build,PM-006,Complete,Closeout,2024-08-31,76603500,77653900,4401700,76603000,76603500,81439200,83882400,100.0,2024-09-01,2024-08-29,2202900,1,8,6,1050400,724700,48,28.5,13,2,12.69230769,10,2,8700,10,0.94062196,1.00000653,-4835700,500,81439200.0,0.0,-4835700.0,0.06312636,0.01371217,-3,0.01371217,0.0094604,0.50046573,0.50046573,0.76923077,0.15384615,1.6970504,1.04433871,Yellow,0,2,CPI < 0.95,CPI < 0.95; Forecast overrun > 5%
61,PRJ-054,Evergreen Corporate Campus,Commercial,Colorado Springs,CO,Private,Guaranteed Maximum Price,CMAR,PM-004,Complete,Closeout,2024-04-30,84587500,85582600,4106100,84587500,84587500,89081600,93806500,100.0,2024-03-15,2024-04-08,1881600,1,6,3,995100,1628200,14,39.0,12,2,11.0,7,3,38000,5,0.94955075,1.0,-4494100,0,89081600.0,0.0,-4494100.0,0.0531296,0.01176415,24,0.01176415,0.01924871,0.45824505,0.45824505,0.58333333,0.25,1.41864933,0.70932466,Yellow,0,3,CPI < 0.95,CPI < 0.95; Forecast overrun > 5%; Delay > 15 days
62,PRJ-012,Cedar Valley Processing Plant,Industrial,Henderson,NV,Public,Cost Plus,Design-Bid-Build,PM-009,Complete,Closeout,2025-05-31,23128700,23520900,1511200,23128400,23128700,24331800,25495900,100.0,2025-06-02,2025-05-24,964000,1,7,6,392200,0,29,30.66666667,17,2,15.23529412,13,4,257700,3,0.95055442,1.00001297,-1203100,300,24331800.0,0.0,-1203100.0,0.05201762,0.01695729,-9,0.01695729,0.0,0.63790365,0.63790365,0.76470588,0.23529412,7.35017532,3.02654278,Yellow,0,1,Forecast overrun > 5%,Forecast overrun > 5%
63,PRJ-045,Desert Willow Learning Center,Institutional,Portland,OR,Public,Unit Price,Design-Bid-Build,PM-002,Complete,Closeout,2025-09-30,51862400,53099400,3380500,51862400,51862400,54328500,56453900,100.0,2025-08-12,2025-09-08,1617100,1,6,4,1237000,0,48,50.25,17,0,13.52941176,12,3,114200,15,0.95460762,1.0,-2466100,0,54328500.0,0.0,-2466100.0,0.04755083,0.02385158,27,0.02385158,0.0,0.47836119,0.47836119,0.70588235,0.17647059,3.27790461,1.15690751,Yellow,0,1,Delay > 15 days,Delay > 15 days
64,PRJ-033,Copper Creek Utility Expansion,Heavy Civil & Infrastructure,Santa Fe,NM,Public,Unit Price,Design-Bid-Build,PM-010,Complete,Closeout,2025-08-31,297370800,305739600,28683800,297166200,297370800,312104000,326234400,100.0,2025-09-13,2025-08-14,18207900,1,7,4,8368800,644200,21,38.25,20,0,16.1,16,6,185300,21,0.95279394,1.0006885,-14733200,204600,312104000.0,0.0,-14733200.0,0.04954488,0.02814264,-30,0.02814264,0.00216632,0.63477991,0.63477991,0.8,0.3,0.67256099,0.23539635,Green,0,0,No threshold breach,None
65,PRJ-073,Silver Lake Corporate Campus,Commercial,Eugene,OR,Private,Unit Price,Design-Build,PM-011,Complete,Closeout,2025-04-30,74572000,75370600,5524500,74387300,74572000,77377500,80030300,100.0,2025-05-15,2025-04-15,3493200,1,3,3,798600,0,34,53.33333333,18,1,14.61111111,17,4,41700,13,0.96374269,1.00248295,-2805500,184700,77377500.0,0.0,-2805500.0,0.03762136,0.01070911,-30,0.01070911,0.0,0.63231062,0.63231062,0.94444444,0.22222222,2.41377461,0.40229577,Green,0,0,No threshold breach,None
66,PRJ-052,Cedar Valley Market Hall,Commercial,Portland,OR,Public,Guaranteed Maximum Price,Design-Build,PM-002,Complete,Closeout,2025-05-31,12129200,12238200,672600,12129000,12129200,12578600,12955900,100.0,2025-06-02,2025-05-03,385700,1,6,3,109000,94300,29,46.0,14,2,11.42857143,8,2,17200,8,0.96427265,1.00001649,-449400,200,12578600.0,0.0,-449400.0,0.03705108,0.00898658,-30,0.00898658,0.00777463,0.57344633,0.57344633,0.57142857,0.14285714,11.54239356,4.9467401,Green,0,0,No threshold breach,None
67,PRJ-015,Summit Point Main Street Development,Mixed-Use,Fresno,CA,Public,Guaranteed Maximum Price,Design-Bid-Build,PM-007,Complete,Closeout,2024-07-31,60271400,60423500,4382900,60271400,60271400,62381500,65737800,100.0,2024-07-14,2024-07-10,2193500,3,8,1,152100,1985400,0,36.0,18,4,10.77777778,12,3,84700,5,0.96617427,1.0,-2110100,0,62381500.0,0.0,-2110100.0,0.03500997,0.00252358,-4,0.00252358,0.032941,0.50046773,0.50046773,0.66666667,0.16666667,2.98649111,1.32732938,Green,0,0,No threshold breach,None
68,PRJ-059,Westfield Community College,Institutional,Tacoma,WA,Public,Unit Price,CMAR,PM-010,Active,Procurement,2025-12-31,36111700,36561800,3303200,15070800,15166100,15685100,25634000,42.0,2027-07-11,2027-07-07,789200,7,6,2,450100,197400,19,34.0,25,5,12.68,16,0,0,0,0.96691127,1.00632349,-519000,95300,37347480.6093854,21662380.6093854,-1235780.6093854,0.03422106,0.0124641,-4,0.0124641,0.00546637,0.23891984,0.56885675,0.64,0.0,6.92296403,1.66151137,Green,0,0,No threshold breach,None
69,PRJ-026,Pioneer Crossing Distribution Center,Industrial,Idaho Falls,ID,Private,Guaranteed Maximum Price,Design-Build,PM-007,Active,Construction,2025-12-31,45993600,46567600,4019900,35438200,35181700,35953800,47521200,76.5,2026-09-03,2026-09-08,1731100,2,6,3,574000,184200,41,45.0,20,2,12.6,14,6,212100,10,0.97852522,0.99276205,-772100,-256500,47002978.69858478,11049178.69858478,-1009378.69858478,0.02194607,0.01248,5,0.01248,0.00400491,0.4306326,0.56291844,0.7,0.3,4.34843109,1.30452933,Green,0,0,No threshold breach,None
70,PRJ-019,Copper Creek Learning Center,Institutional,San Antonio,TX,Private,Unknown,Design-Bid-Build,PM-012,Active,Construction,2025-12-31,102004800,104613700,9598300,57629400,58175600,59010600,84496200,57.0,2026-12-13,2026-12-08,3569300,2,9,7,2608900,242900,45,42.14285714,17,2,11.41176471,12,5,75000,7,0.98585,1.0094778,-835000,546200,103468884.73655622,44458284.73655622,-1464084.73655622,0.0143531,0.02557625,-5,0.02557625,0.00238126,0.37186793,0.65239989,0.70588235,0.29411765,1.66658824,0.88231142,Green,0,0,No threshold breach,None
71,PRJ-029,Granite Peak Bridge Rehabilitation,Heavy Civil & Infrastructure,Reno,NV,Public,Lump Sum,CMAR,PM-010,Active,Construction,2025-12-31,123914200,126668300,9348900,101631500,109145800,109804900,128402400,88.1,2026-09-12,2026-08-13,3996100,1,5,4,2754100,523200,23,38.5,19,1,13.26315789,11,4,388800,10,0.99399754,1.07393672,-659100,7514300,124662482.10723637,14857582.10723637,-748282.10723637,0.00603871,0.02222586,-30,0.02222586,0.00422228,0.42744066,0.48517669,0.57894737,0.21052632,1.53331902,0.40350501,Green,0,0,No threshold breach,None
72,PRJ-051,Westfield Technology Facility,Industrial,Seattle,WA,Public,Guaranteed Maximum Price,Design-Build,PM-012,Complete,Closeout,2023-06-30,108544300,109327700,9834600,108478300,108544300,107577800,111573000,100.0,2023-07-10,2023-06-10,5035700,1,4,2,783400,562400,9,25.5,13,2,9.69230769,6,3,176700,11,1.0089842,1.00060842,966500,66000,107577800.0,0.0,966500.0,-0.0089042,0.00721733,-30,0.00721733,0.00518129,0.51203913,0.51203913,0.46153846,0.23076923,1.19766768,0.36851313,Green,0,0,No threshold breach,None
73,PRJ-010,Silver Lake Bridge Rehabilitation,Heavy Civil & Infrastructure,Fort Collins,CO,Public,Lump Sum,CMAR,PM-009,Complete,Closeout,2024-01-31,115348100,116127800,9324700,115072600,115348100,113751100,117163600,100.0,2024-02-20,2024-01-21,4052400,1,5,3,779700,186900,16,41.66666667,19,1,11.57894737,11,3,61900,4,1.01403942,1.00239414,1597000,275500,113751100.0,0.0,1597000.0,-0.01384505,0.00675954,-30,0.00675954,0.00162031,0.43458771,0.43458771,0.57894737,0.15789474,1.64718795,0.43347051,Green,0,0,No threshold breach,None
74,PRJ-021,Highland Park Roadway Improvements,Heavy Civil & Infrastructure,Las Cruces,NM,Public,Guaranteed Maximum Price,Design-Build,PM-009,Complete,Closeout,2024-03-31,67733200,68598600,6687100,67662700,67733200,66732300,68754100,100.0,2024-04-12,2024-03-22,3102400,1,5,3,865400,1012800,4,29.0,19,1,12.94736842,12,3,23300,17,1.01499873,1.00104193,1000900,70500,66732300.0,0.0,1000900.0,-0.0147771,0.0127766,-21,0.0127766,0.01495279,0.46393803,0.46393803,0.63157895,0.15789474,2.80512363,0.73819043,Green,0,0,No threshold breach,None
75,PRJ-048,Mesa Vista Urban Village,Mixed-Use,Idaho Falls,ID,Private,Guaranteed Maximum Price,CMAR,PM-008,Complete,Closeout,2024-04-30,42336600,43200200,4226300,42306700,42336600,41410600,43632200,100.0,2024-05-15,2024-04-15,2109000,1,5,5,863600,0,18,39.2,22,3,9.31818182,13,4,209100,12,1.02236142,1.00070674,926000,29900,41410600.00000001,1e-08,925999.99999999,-0.02187233,0.02039843,-30,0.02039843,0.0,0.49901805,0.49901805,0.59090909,0.18181818,5.19644941,1.18101123,Green,0,0,No threshold breach,None
